 Id,ZipCode,Location,City,State,Population,AvgIncome,NationalRank 
1,98039,"47.626035, -122.233707",Medina,WA,3050,132665,46
2,98053,"47.655058, -122.025817",Redmond,WA,31203,96028,335
3,98364,"47.855439, -122.595728",Port Gamble,WA,102,94366,364
4,98040,"47.562356, -122.226514",Mercer Island,WA,22036,91904,415
5,98029,"47.578444, -122.013924",Issaquah,WA,28427,91146,430
6,98072,"47.748322, -122.088067",Woodinville,WA,35196,82922,687
7,98006,"47.557366, -122.147538",Bellevue,WA,35332,81929,742
8,98068,"47.435960, -121.369011",Snoqualmie Pass,WA,206,81883,747
9,98833,"48.627386, -120.446510",Mazama,WA,96,80633,800
10,98243,"48.620140, -123.022775",Deer Harbor,WA,141,79537,858
11,98296,"47.839066, -122.101113",Snohomish,WA,19475,77181,970
12,99338,"46.176075, -119.274432",Kennewick,WA,7614,72654,1282
13,98019,"47.742238, -121.930946",Duvall,WA,8193,72438,1295
14,98110,"47.653444, -122.543694",Bainbridge Island,WA,20308,70110,1537
15,98027,"47.505912, -121.975139",Issaquah,WA,22219,70085,1541
16,98333,"47.246709, -122.624901",Fox Island,WA,2803,69135,1625
17,98033,"47.677747, -122.186771",Kirkland,WA,30393,69073,1632
18,98052,"47.681360, -122.120930",Redmond,WA,50249,68923,1649
19,98038,"47.394181, -122.003412",Maple Valley,WA,22590,68180,1727
20,98008,"47.609325, -122.115212",Bellevue,WA,23522,67391,1817
21,98275,"47.911976, -122.294858",Mukilteo,WA,19093,67372,1821
22,98014,"47.659398, -121.893484",Carnation,WA,6894,66841,1893
23,98010,"47.324563, -121.989478",Black Diamond,WA,4426,66709,1913
24,98042,"47.356933, -122.110325",Kent,WA,38023,66051,1991
25,98012,"47.841169, -122.199069",Bothell,WA,38397,65730,2045
26,98045,"47.463289, -121.498930",North Bend,WA,13717,65674,2054
27,98177,"47.746168, -122.367867",Seattle,WA,18920,65514,2076
28,98422,"47.287300, -122.388350",Tacoma,WA,19726,65267,2113
29,99023,"47.546529, -117.175558",Mica,WA,356,65114,2132
30,98606,"45.728165, -122.448942",Brush Prairie,WA,8395,64855,2164
31,98058,"47.438656, -122.122643",Renton,WA,37481,63680,2316
32,98021,"47.792404, -122.205320",Bothell,WA,20391,63630,2327
33,98004,"47.619919, -122.203093",Bellevue,WA,22650,63358,2363
34,98092,"47.291033, -122.136900",Auburn,WA,25470,62478,2469
35,98024,"47.582104, -121.876202",Fall City,WA,4787,62076,2548
36,98028,"47.754724, -122.244486",Kenmore,WA,18165,61813,2593
37,98607,"45.641722, -122.391331",Camas,WA,18115,61759,2609
38,98685,"45.714979, -122.692760",Vancouver,WA,21148,61503,2656
39,98059,"47.499676, -122.113291",Renton,WA,27993,61361,2685
40,98011,"47.753885, -122.201357",Bothell,WA,26380,61329,2696
41,98332,"47.362106, -122.604795",Gig Harbor,WA,13130,61226,2722
42,98290,"47.948649, -122.003016",Snohomish,WA,29394,61110,2745
43,99005,"47.843866, -117.359835",Colbert,WA,6694,61098,2747
44,98258,"48.051977, -122.052246",Lake Stevens,WA,16491,61066,2755
45,99019,"47.642805, -117.079512",Liberty Lake,WA,5370,60667,2856
46,98065,"47.546930, -121.799057",Snoqualmie,WA,3822,60658,2859
47,98642,"45.798685, -122.694197",Ridgefield,WA,12493,60625,2867
48,98001,"47.313069, -122.268414",Auburn,WA,25771,60534,2884
49,98335,"47.299337, -122.615253",Gig Harbor,WA,22953,60483,2897
50,98005,"47.619367, -122.168725",Bellevue,WA,17089,60173,2987
51,98034,"47.718103, -122.204126",Kirkland,WA,40380,60043,3017
52,98112,"47.632236, -122.296766",Seattle,WA,20480,59693,3074
53,98375,"47.103783, -122.322978",Puyallup,WA,14052,59611,3087
54,98199,"47.651342, -122.402940",Seattle,WA,19156,59542,3103
55,98374,"47.133850, -122.252608",Puyallup,WA,29098,58873,3208
56,98025,"47.429256, -121.887337",Hobart,WA,133,58750,3232
57,98340,"47.902850, -122.561261",Hansville,WA,1980,58646,3243
58,98115,"47.685766, -122.292178",Seattle,WA,43567,58475,3273
59,98686,"45.723390, -122.624708",Vancouver,WA,13540,58394,3294
60,98070,"47.412192, -122.472554",Vashon,WA,10123,58261,3325
61,98205,"47.989747, -122.131869",Everett,WA,17896,58036,3376
62,98023,"47.308844, -122.362289",Federal Way,WA,47572,57411,3505
63,99353,"46.319033, -119.377314",West Richland,WA,9294,57358,3512
64,98342,"47.750503, -122.534238",Indianola,WA,721,57054,3601
65,98026,"47.832194, -122.332864",Edmonds,WA,34456,56774,3684
66,98020,"47.801197, -122.371957",Edmonds,WA,18141,56653,3720
67,98136,"47.536973, -122.389941",Seattle,WA,14138,56455,3765
68,98360,"47.005370, -122.092359",Orting,WA,7524,56429,3771
69,98051,"47.346210, -121.881291",Ravensdale,WA,2881,56414,3776
70,98390,"47.184490, -122.183275",Sumner,WA,45264,56175,3824
71,98604,"45.795345, -122.497875",Battle Ground,WA,24572,56055,3850
72,98272,"47.848649, -121.895402",Monroe,WA,23347,55987,3868
73,98208,"47.900198, -122.187044",Everett,WA,45498,55952,3878
74,98155,"47.754413, -122.300477",Seattle,WA,33914,55863,3903
75,98117,"47.687758, -122.382122",Seattle,WA,29667,55777,3926
76,98232,"48.563534, -122.412710",Bow,WA,3553,55019,4140
77,99154,"47.373718, -118.364699",Mohler,WA,34,55000,4145
78,98292,"48.218113, -122.360923",Stanwood,WA,31532,54889,4172
79,98327,"47.090373, -122.661868",Dupont,WA,2173,54836,4182
80,98321,"47.150590, -122.061871",Buckley,WA,14652,54602,4237
81,98116,"47.574388, -122.394493",Seattle,WA,20826,54563,4250
82,98271,"48.086107, -122.235909",Marysville,WA,23330,54160,4364
83,98022,"47.203014, -121.957325",Enumclaw,WA,21661,54118,4378
84,98056,"47.515043, -122.184539",Renton,WA,24261,53608,4511
85,99026,"47.805876, -117.615545",Nine Mile Falls,WA,7500,53521,4528
86,99352,"46.308815, -119.303713",Richland,WA,38753,53169,4633
87,98629,"45.876604, -122.619180",La Center,WA,7105,53060,4676
88,98367,"47.457353, -122.702904",Port Orchard,WA,24502,52974,4703
89,98513,"46.980602, -122.726487",Olympia,WA,24030,52497,4859
90,98311,"47.626834, -122.643449",Bremerton,WA,23582,52477,4865
91,98338,"47.034316, -122.276854",Graham,WA,20694,52455,4870
92,98373,"47.145083, -122.324153",Puyallup,WA,16922,52251,4961
93,99337,"46.095034, -119.084863",Kennewick,WA,25215,52068,5027
94,98329,"47.380330, -122.727077",Gig Harbor,WA,9257,51984,5063
95,98446,"47.131879, -122.375825",Tacoma,WA,9178,51949,5077
96,99146,"48.957294, -118.280382",Laurier,WA,44,51875,5108
97,98443,"47.208753, -122.372463",Tacoma,WA,5593,51859,5115
98,99223,"47.589407, -117.344623",Spokane,WA,25222,51774,5145
99,98380,"47.565604, -122.910502",Seabeck,WA,3412,51750,5150
100,98223,"48.179601, -121.977036",Arlington,WA,33838,51736,5157
101,98370,"47.753840, -122.626814",Poulsbo,WA,25267,51689,5174
102,98280,"48.602487, -122.876547",Orcas,WA,378,51500,5239
103,99025,"47.780756, -117.089377",Newman Lake,WA,4743,51495,5242
104,98351,"47.199661, -122.774258",Longbranch,WA,1065,51492,5244
105,98516,"47.103431, -122.799455",Olympia,WA,14453,51348,5313
106,98387,"47.045421, -122.432025",Spanaway,WA,35899,51318,5326
107,98036,"47.809699, -122.280399",Lynnwood,WA,33705,51296,5339
108,98811,"47.730261, -120.367606",Ardenvoir,WA,44,51250,5376
109,98270,"48.060672, -122.146662",Marysville,WA,34724,51126,5424
110,98383,"47.666040, -122.709809",Silverdale,WA,19298,50991,5476
111,98031,"47.387469, -122.196352",Kent,WA,64214,50958,5488
112,98279,"48.655328, -122.807470",Olga,WA,745,50924,5505
113,98203,"47.946398, -122.233601",Everett,WA,31626,50899,5509
114,98252,"48.061797, -121.714468",Granite Falls,WA,6552,50870,5522
115,98244,"48.848185, -122.063276",Deming,WA,2339,50833,5541
116,98346,"47.821069, -122.525526",Kingston,WA,8278,50824,5543
117,98683,"45.603287, -122.510170",Vancouver,WA,28210,50709,5594
118,98682,"45.673827, -122.480111",Vancouver,WA,42975,50553,5672
119,99037,"47.621245, -117.191953",Veradale,WA,11963,50429,5723
120,98847,"47.529837, -120.597908",Peshastin,WA,1508,50378,5751
121,98166,"47.453288, -122.348794",Seattle,WA,20302,50310,5792
122,99323,"46.190789, -118.872864",Burbank,WA,3629,50299,5799
123,98512,"46.981344, -123.061570",Olympia,WA,24173,50286,5808
124,99021,"47.837605, -117.191022",Mead,WA,8533,50247,5826
125,98253,"48.092397, -122.576537",Greenbank,WA,1413,49861,5989
126,98684,"45.630243, -122.520383",Vancouver,WA,20868,49786,6021
127,98323,"47.042645, -121.828774",Carbonado,WA,719,49712,6048
128,99031,"47.428951, -117.360635",Spangle,WA,942,49545,6107
129,98109,"47.630798, -122.345752",Seattle,WA,16018,49531,6115
130,98394,"47.319076, -122.780872",Vaughn,WA,786,49423,6154
131,98940,"47.477982, -121.084918",Ronald,WA,524,49313,6194
132,99022,"47.606742, -117.700972",Medical Lake,WA,7304,49254,6216
133,98119,"47.639340, -122.369134",Seattle,WA,19662,49222,6233
134,98103,"47.678255, -122.338152",Seattle,WA,41971,49044,6298
135,99203,"47.629550, -117.403247",Spokane,WA,21010,48939,6340
136,98467,"47.203437, -122.541380",University Place,WA,15165,48829,6383
137,98354,"47.251760, -122.312708",Milton,WA,5678,48645,6465
138,98007,"47.611975, -122.144604",Bellevue,WA,23048,48606,6480
139,98037,"47.853983, -122.276947",Lynnwood,WA,44026,48602,6482
140,98675,"45.844137, -122.377009",Yacolt,WA,4986,48594,6486
141,99113,"46.584000, -117.179640",Colton,WA,729,48438,6546
142,99036,"47.522702, -117.269884",Valleyford,WA,950,48424,6552
143,98845,"47.429329, -119.890887",Palisades,WA,95,48333,6591
144,98908,"46.635423, -120.745033",Yakima,WA,32380,48007,6716
145,98372,"47.211092, -122.276350",Puyallup,WA,20928,47927,6748
146,98575,"47.492318, -123.731331",Quinault,WA,191,47778,6822
147,98385,"47.138965, -122.095838",South Prairie,WA,182,47750,6832
148,98328,"46.862461, -122.261652",Eatonville,WA,8785,47728,6839
149,98662,"45.690218, -122.577364",Vancouver,WA,23772,47623,6897
150,98580,"46.941284, -122.472323",Roy,WA,9250,47585,6916
151,98251,"47.912329, -121.606833",Gold Bar,WA,4181,47563,6930
152,98126,"47.549221, -122.374341",Seattle,WA,18906,47519,6945
153,98651,"45.763029, -121.594111",Underwood,WA,976,47500,6969
154,98178,"47.496558, -122.251473",Seattle,WA,21860,47461,6983
155,98294,"47.838377, -121.766185",Sultan,WA,5621,47331,7028
156,98466,"47.222699, -122.543195",Tacoma,WA,24598,47286,7051
157,98501,"46.979425, -122.875253",Olympia,WA,33049,47230,7075
158,98365,"47.894453, -122.698767",Port Ludlow,WA,3563,47229,7076
159,98043,"47.792841, -122.305727",Mountlake Terrace,WA,20333,47210,7084
160,98274,"48.340923, -122.176113",Mount Vernon,WA,13477,47136,7133
161,98524,"47.367929, -122.851977",Allyn,WA,1424,47048,7179
162,98445,"47.142818, -122.410635",Tacoma,WA,22412,46986,7213
163,98828,"47.307933, -120.164825",Malaga,WA,1896,46971,7223
164,98236,"47.961930, -122.411311",Clinton,WA,5720,46930,7250
165,98388,"47.141205, -122.621391",Steilacoom,WA,6278,46875,7288
166,98502,"47.080318, -123.043500",Olympia,WA,26142,46776,7350
167,98671,"45.614425, -122.238465",Washougal,WA,15085,46695,7405
168,98198,"47.396680, -122.310309",Seattle,WA,33561,46628,7432
169,98240,"48.956676, -122.621393",Custer,WA,2785,46583,7452
170,98942,"46.789693, -120.639917",Selah,WA,15328,46418,7542
171,99320,"46.251649, -119.493004",Benton City,WA,8286,46352,7568
172,98288,"47.614940, -121.417749",Skykomish,WA,433,46324,7582
173,98146,"47.500058, -122.357848",Seattle,WA,25574,46321,7583
174,99208,"47.782370, -117.455191",Spokane,WA,34581,46311,7587
175,98359,"47.423265, -122.575264",Olalla,WA,3927,46278,7600
176,98371,"47.199448, -122.323541",Puyallup,WA,20215,46268,7602
177,99131,"48.283336, -118.103073",Gifford,WA,188,46250,7608
178,98239,"48.196497, -122.657954",Coupeville,WA,5834,46235,7643
179,98589,"46.834659, -122.822312",Tenino,WA,6496,46111,7712
180,98407,"47.288485, -122.511426",Tacoma,WA,20523,46025,7774
181,98664,"45.621101, -122.577522",Vancouver,WA,20403,45909,7850
182,98257,"48.405670, -122.511898",La Conner,WA,3606,45870,7870
183,98047,"47.275498, -122.242843",Pacific,WA,5174,45505,8080
184,98345,"47.698622, -122.623850",Keyport,WA,403,45500,8089
185,98260,"48.033231, -122.453900",Langley,WA,4878,45469,8112
186,98674,"45.951267, -122.665541",Woodland,WA,9065,45452,8119
187,98601,"45.933373, -122.453150",Amboy,WA,2327,45380,8153
188,98392,"47.731451, -122.562941",Suquamish,WA,2362,45357,8172
189,98625,"46.019957, -122.758278",Kalama,WA,4483,45083,8330
190,98248,"48.865370, -122.622684",Ferndale,WA,18131,45050,8349
191,98250,"48.550909, -123.106186",Friday Harbor,WA,6894,45000,8374
192,98396,"47.116940, -122.026464",Wilkeson,WA,402,45000,8376
193,98503,"47.022088, -122.797280",Lacey,WA,32466,44902,8441
194,98611,"46.310160, -122.894657",Castle Rock,WA,8317,44897,8442
195,98506,"47.098985, -122.865598",Olympia,WA,17406,44775,8503
196,98118,"47.539965, -122.274722",Seattle,WA,40791,44697,8540
197,98366,"47.531483, -122.578693",Port Orchard,WA,31594,44692,8541
198,98406,"47.262231, -122.508756",Tacoma,WA,23511,44575,8603
199,98264,"48.950253, -122.459792",Lynden,WA,16795,44531,8634
200,98233,"48.500949, -122.345587",Burlington,WA,12521,44454,8672
201,98585,"46.568779, -122.501232",Silver Creek,WA,558,44375,8713
202,99003,"47.917122, -117.274929",Chattaroy,WA,4493,44345,8730
203,98349,"47.275684, -122.776773",Lakebay,WA,3875,44167,8817
204,98226,"48.749468, -122.444545",Bellingham,WA,56465,44100,8854
205,98498,"47.159792, -122.557823",Lakewood,WA,28894,43938,8928
206,98943,"47.184690, -120.964846",South Cle Elum,WA,470,43750,9033
207,98645,"46.329666, -122.779002",Silverlake,WA,1240,43450,9248
208,98528,"47.446368, -122.886829",Belfair,WA,7860,43375,9310
209,99218,"47.759546, -117.423770",Spokane,WA,13039,43320,9346
210,98665,"45.679743, -122.662995",Vancouver,WA,20631,43162,9440
211,98325,"47.969797, -122.785818",Chimacum,WA,1348,43140,9446
212,98853,"47.400025, -119.286995",Stratford,WA,56,43125,9464
213,98003,"47.307713, -122.315773",Federal Way,WA,42255,43027,9524
214,98221,"48.503236, -122.650373",Anacortes,WA,18771,42996,9552
215,98249,"48.026183, -122.551103",Freeland,WA,3690,42883,9629
216,98055,"47.461422, -122.211562",Renton,WA,26953,42758,9700
217,99027,"47.722182, -117.148006",Otis Orchards,WA,6506,42750,9705
218,98933,"46.407375, -120.648527",Harrah,WA,1199,42708,9729
219,98245,"48.665065, -122.931935",Eastsound,WA,3217,42633,9789
220,98576,"46.872078, -122.677144",Rainier,WA,3303,42420,9943
221,98125,"47.716889, -122.303205",Seattle,WA,34994,42400,9966
222,98262,"48.674357, -122.646705",Lummi Island,WA,812,42279,10051
223,98107,"47.668104, -122.377023",Seattle,WA,18516,42195,10138
224,98247,"48.908884, -122.310917",Everson,WA,8162,42191,10141
225,98588,"47.439540, -123.040239",Tahuya,WA,1599,42102,10233
226,98032,"47.391119, -122.259365",Kent,WA,28778,42042,10285
227,99322,"45.941486, -120.196954",Bickleton,WA,245,42031,10293
228,98936,"46.517388, -120.234792",Moxee,WA,3458,41984,10341
229,98579,"46.789675, -123.131803",Rochester,WA,9793,41961,10359
230,98277,"48.321710, -122.635612",Oak Harbor,WA,36676,41891,10406
231,98102,"47.634416, -122.321561",Seattle,WA,19424,41850,10457
232,98563,"47.095494, -123.590880",Montesano,WA,7380,41743,10546
233,98133,"47.740091, -122.342761",Seattle,WA,42896,41743,10547
234,98923,"46.666071, -120.717833",Cowiche,WA,1564,41694,10579
235,98670,"45.858198, -121.153060",Wahkiacus,WA,107,41667,10598
236,98802,"47.490631, -120.198813",East Wenatchee,WA,23179,41553,10684
237,99356,"45.845700, -120.283997",Roosevelt,WA,175,41250,10925
238,98536,"47.194976, -124.104372",Copalis Crossing,WA,257,41250,10926
239,98283,"48.731429, -121.472545",Rockport,WA,378,41250,10927
240,98286,"48.572745, -122.957430",Shaw Island,WA,235,41250,10928
241,98922,"47.195379, -120.945061",Cle Elum,WA,4597,41162,11019
242,98421,"47.257939, -122.401802",Tacoma,WA,603,41103,11060
243,98168,"47.490416, -122.300202",Seattle,WA,30198,41097,11067
244,98612,"46.212243, -123.320506",Cathlamet,WA,2551,41053,11105
245,98597,"46.862174, -122.507304",Yelm,WA,14356,41015,11137
246,98826,"47.677154, -120.930410",Leavenworth,WA,6586,40975,11182
247,98638,"46.394046, -123.761307",Naselle,WA,1370,40926,11230
248,98284,"48.533806, -122.093599",Sedro Woolley,WA,22940,40851,11295
249,98220,"48.688159, -122.215143",Acme,WA,648,40833,11310
250,98230,"48.949569, -122.717921",Blaine,WA,10743,40827,11322
251,98106,"47.546745, -122.349900",Seattle,WA,23317,40815,11333
252,98946,"47.079955, -120.763124",Thorp,WA,461,40804,11346
253,99020,"47.563277, -117.496954",Marshall,WA,51,40781,11370
254,98538,"46.482859, -123.100776",Curtis,WA,312,40750,11397
255,99179,"46.494979, -117.125923",Uniontown,WA,499,40714,11432
256,98144,"47.585499, -122.301467",Seattle,WA,24913,40693,11448
257,99016,"47.607880, -117.139712",Greenacres,WA,7009,40638,11492
258,98188,"47.450308, -122.280575",Seattle,WA,22583,40618,11521
259,99126,"48.730806, -117.957219",Evans,WA,748,40592,11536
260,99029,"47.693841, -117.831006",Reardan,WA,1341,40521,11603
261,99018,"47.293986, -117.132359",Latah,WA,270,40500,11619
262,99102,"46.798447, -117.258256",Albion,WA,563,40446,11676
263,98603,"45.982514, -122.388262",Ariel,WA,732,40398,11733
264,99008,"47.506598, -117.900900",Edwall,WA,707,40391,11744
265,98649,"46.345017, -122.639922",Toutle,WA,735,40313,11823
266,98273,"48.402754, -122.376148",Mount Vernon,WA,25217,40304,11838
267,98565,"46.584123, -122.911843",Napavine,WA,499,40294,11846
268,98815,"47.518225, -120.486254",Cashmere,WA,7778,40256,11885
269,98105,"47.662129, -122.296786",Seattle,WA,38963,40246,11899
270,99371,"46.815818, -118.331159",Washtucna,WA,419,40192,11956
271,98312,"47.580629, -122.781737",Bremerton,WA,31968,40133,12030
272,98814,"48.241631, -120.195712",Carlton,WA,567,40085,12061
273,98555,"47.515343, -123.073057",Lilliwaup,WA,476,40000,12124
274,98224,"47.760645, -121.473033",Baring,WA,202,40000,12163
275,98376,"47.842496, -122.838654",Quilcene,WA,1767,39896,12221
276,99301,"46.377467, -118.957561",Pasco,WA,40905,39786,12318
277,98537,"46.826087, -123.583438",Cosmopolis,WA,1793,39750,12348
278,99006,"47.967251, -117.501268",Deer Park,WA,9163,39663,12414
279,98532,"46.631772, -123.050814",Chehalis,WA,20211,39614,12472
280,98619,"46.001091, -121.281497",Glenwood,WA,522,39583,12486
281,99206,"47.629603, -117.258914",Spokane,WA,31711,39535,12530
282,98330,"46.759076, -122.169796",Elbe,WA,63,39500,12561
283,98546,"47.327011, -122.925173",Grapeview,WA,2256,39331,12724
284,98596,"46.500752, -122.930905",Winlock,WA,6567,39179,12840
285,98592,"47.327750, -123.056149",Union,WA,1281,39167,12861
286,99350,"46.142719, -119.701751",Prosser,WA,11399,39055,12953
287,98663,"45.654667, -122.662337",Vancouver,WA,14152,39022,12978
288,98925,"47.361084, -121.249759",Easton,WA,588,38958,13041
289,99217,"47.740564, -117.274568",Spokane,WA,11267,38902,13096
290,99224,"47.650388, -117.526399",Spokane,WA,16084,38890,13106
291,98639,"45.663887, -121.966772",North Bonneville,WA,467,38875,13120
292,99345,"45.941592, -119.689159",Paterson,WA,222,38750,13218
293,99335,"46.689633, -118.494286",Kahlotus,WA,288,38750,13219
294,98938,"46.376837, -120.094444",Outlook,WA,1992,38700,13287
295,99341,"46.912435, -118.639665",Lind,WA,998,38594,13376
296,98261,"48.482500, -122.883954",Lopez Island,WA,2179,38594,13381
297,98584,"47.210605, -123.158424",Shelton,WA,31214,38543,13413
298,98641,"46.562265, -124.028893",Oysterville,WA,48,38542,13416
299,98108,"47.534868, -122.305792",Seattle,WA,21223,38413,13545
300,98222,"48.565071, -122.792647",Blakely Island,WA,64,38393,13569
301,99361,"46.237841, -118.145763",Waitsburg,WA,1929,38269,13677
302,98559,"46.958822, -123.327364",Malone,WA,88,38250,13685
303,98632,"46.204995, -123.062761",Longview,WA,47202,38195,13729
304,98358,"48.031999, -122.684007",Nordland,WA,837,38182,13746
305,98368,"48.110129, -122.821169",Port Townsend,WA,12818,38100,13822
306,98548,"47.549895, -123.233568",Hoodsport,WA,1766,38095,13826
307,98408,"47.205050, -122.446513",Tacoma,WA,29095,38030,13888
308,99161,"46.903033, -117.139126",Palouse,WA,1454,37955,13976
309,99216,"47.675073, -117.198385",Spokane,WA,21576,37930,13985
310,99360,"46.098933, -118.678149",Touchet,WA,1171,37895,14018
311,98363,"47.964707, -123.813787",Port Angeles,WA,12167,37791,14116
312,98672,"45.843655, -121.448223",White Salmon,WA,5088,37769,14136
313,98626,"46.125222, -122.784032",Kelso,WA,22549,37760,14140
314,99158,"47.130498, -117.249184",Oakesdale,WA,608,37708,14194
315,98858,"47.670807, -119.888540",Waterville,WA,1659,37679,14232
316,99343,"46.596939, -119.162490",Mesa,WA,3086,37674,14240
317,99105,"46.870311, -118.080007",Benge,WA,57,37500,14390
318,98591,"46.444323, -122.778557",Toledo,WA,2997,37474,14430
319,98148,"47.442609, -122.322164",Seattle,WA,9519,37411,14479
320,98382,"48.062363, -123.092401",Sequim,WA,21547,37392,14498
321,99169,"47.080111, -118.372804",Ritzville,WA,2534,37308,14597
322,99030,"47.476380, -117.104077",Rockford,WA,848,37273,14635
323,99111,"46.848116, -117.454849",Colfax,WA,4209,37259,14649
324,99402,"46.198184, -117.148485",Asotin,WA,1709,37188,14742
325,99122,"47.674684, -118.187715",Davenport,WA,3272,37138,14799
326,98002,"47.307068, -122.215480",Auburn,WA,30815,36991,14964
327,98204,"47.900117, -122.253851",Everett,WA,31351,36944,15025
328,98801,"47.412675, -120.342082",Wenatchee,WA,36551,36929,15041
329,99034,"47.882826, -117.745390",Tumtum,WA,210,36875,15104
330,99135,"47.630485, -119.109048",Hartline,WA,243,36875,15106
331,98937,"46.733955, -121.274154",Naches,WA,3355,36860,15138
332,98837,"47.174136, -119.287942",Moses Lake,WA,32400,36859,15140
333,98846,"48.030365, -120.014009",Pateros,WA,1005,36818,15177
334,99148,"48.112677, -117.588077",Loon Lake,WA,2001,36806,15188
335,98613,"45.743949, -120.965143",Centerville,WA,489,36786,15207
336,98527,"46.625953, -123.956961",Bay Center,WA,217,36771,15227
337,98862,"48.471180, -120.471379",Winthrop,WA,1916,36736,15266
338,98823,"47.305421, -119.677215",Ephrata,WA,9897,36670,15339
339,98570,"46.594576, -122.678494",Onalaska,WA,3576,36521,15505
340,98303,"47.178043, -122.688918",Anderson Island,WA,2416,36480,15555
341,98834,"48.120309, -120.066445",Methow,WA,262,36458,15578
342,98953,"46.427027, -120.233693",Zillah,WA,6079,36438,15604
343,98852,"48.431977, -120.815494",Stehekin,WA,100,36364,15688
344,98635,"45.749002, -121.185487",Lyle,WA,2193,36328,15728
345,99110,"48.018791, -117.573233",Clayton,WA,1329,36250,15900
346,98941,"47.244781, -120.974261",Roslyn,WA,997,36250,15901
347,98643,"46.295441, -123.619706",Rosburg,WA,395,36250,15903
348,98903,"46.543437, -120.774264",Yakima,WA,13522,36239,15908
349,99326,"46.668891, -118.840344",Connell,WA,3680,36220,15920
350,98650,"45.982164, -121.538549",Trout Lake,WA,779,36181,15958
351,98256,"47.822643, -121.406198",Index,WA,523,36161,15985
352,99009,"48.026086, -117.252446",Elk,WA,3560,36157,15989
353,98281,"48.984669, -123.059496",Point Roberts,WA,1308,36146,16013
354,99336,"46.214005, -119.183953",Kennewick,WA,40820,36100,16066
355,99362,"46.091205, -118.328418",Walla Walla,WA,38023,35841,16399
356,98310,"47.596239, -122.621078",Bremerton,WA,18718,35819,16438
357,98331,"47.907183, -124.415646",Forks,WA,6220,35802,16462
358,98647,"46.315246, -123.401355",Skamokawa,WA,425,35769,16497
359,98568,"46.827251, -123.320218",Oakville,WA,2347,35726,16567
360,98362,"47.940158, -123.395678",Port Angeles,WA,21274,35721,16572
361,99124,"48.000431, -118.952286",Elmer City,WA,148,35625,16677
362,99130,"47.000855, -117.198379",Garfield,WA,889,35625,16678
363,99012,"47.386107, -117.197355",Fairfield,WA,981,35625,16679
364,99212,"47.660576, -117.310940",Spokane,WA,18347,35572,16768
365,98403,"47.265613, -122.459073",Tacoma,WA,7777,35569,16771
366,98241,"48.250061, -121.559140",Darrington,WA,1953,35568,16777
367,98304,"46.776327, -122.011107",Ashford,WA,794,35469,16906
368,99159,"47.323629, -118.749182",Odessa,WA,1645,35433,16950
369,98541,"47.057121, -123.405793",Elma,WA,9163,35423,16965
370,98857,"46.989083, -119.063999",Warden,WA,3724,35417,16990
371,98295,"48.958114, -122.117603",Sumas,WA,4826,35414,16991
372,98822,"47.900973, -120.547315",Entiat,WA,1874,35398,17003
373,99348,"46.377168, -118.474684",Prescott,WA,1699,35324,17111
374,98648,"45.698273, -121.878750",Stevenson,WA,2856,35256,17211
375,99171,"47.098248, -117.653890",Saint John,WA,1072,35150,17348
376,98830,"47.918879, -119.487973",Mansfield,WA,498,35125,17373
377,99123,"47.841945, -119.134482",Electric City,WA,924,35104,17393
378,98930,"46.269119, -119.897062",Grandview,WA,12919,35000,17484
379,99185,"47.748187, -118.678152",Wilbur,WA,1405,34948,17566
380,98947,"46.691825, -120.788859",Tieton,WA,2599,34866,17633
381,99347,"46.504166, -117.547544",Pomeroy,WA,2450,34844,17658
382,99205,"47.697416, -117.447976",Spokane,WA,43739,34778,17725
383,98356,"46.563541, -122.309262",Morton,WA,2158,34756,17747
384,99181,"48.153277, -117.750775",Valley,WA,1870,34676,17849
385,98848,"47.146756, -119.842981",Quincy,WA,9824,34571,17978
386,98404,"47.208981, -122.411638",Tacoma,WA,30679,34483,18057
387,99116,"48.014782, -118.935774",Coulee Dam,WA,1587,34471,18070
388,98557,"47.046547, -123.268606",Mccleary,WA,2776,34293,18279
389,99349,"46.725894, -119.780480",Mattawa,WA,5564,34167,18425
390,98617,"45.625192, -121.169345",Dallesport,WA,956,34145,18454
391,98237,"48.521734, -121.718028",Concrete,WA,2911,34038,18555
392,98610,"45.832258, -121.968019",Carson,WA,2747,34031,18560
393,99143,"46.736450, -117.909558",Lacrosse,WA,766,33889,18710
394,98831,"47.991845, -120.125315",Manson,WA,3178,33779,18803
395,98238,"48.315267, -122.351498",Conway,WA,70,33750,18843
396,98593,"46.412673, -123.012823",Vader,WA,1067,33750,18844
397,99125,"46.963970, -117.766079",Endicott,WA,887,33750,18845
398,98950,"46.920336, -119.996672",Vantage,WA,170,33750,18847
399,98952,"46.367864, -120.764000",White Swan,WA,2684,33700,18962
400,99170,"47.264281, -117.398121",Rosalia,WA,1218,33625,19028
401,98530,"46.782250, -122.802660",Bucoda,WA,551,33571,19077
402,99011,"47.617755, -117.652766",Fairchild Air Force Base,WA,4688,33560,19087
403,98535,"47.132663, -124.132132",Copalis Beach,WA,489,33472,19186
404,98465,"47.247431, -122.527999",Tacoma,WA,6564,33404,19262
405,99156,"48.155778, -117.206754",Newport,WA,7073,33390,19283
406,98560,"47.271524, -123.448226",Matlock,WA,155,33250,19428
407,98816,"48.122045, -120.617476",Chelan,WA,6170,33235,19446
408,99017,"47.184129, -117.886758",Lamont,WA,221,33194,19498
409,98520,"46.948438, -123.844210",Aberdeen,WA,21662,33169,19539
410,99403,"46.364165, -117.249547",Clarkston,WA,18621,33161,19552
411,98201,"47.989112, -122.202042",Everett,WA,30320,33158,19555
412,99114,"48.655198, -117.735834",Colville,WA,12359,32989,19754
413,98661,"45.640067, -122.625018",Vancouver,WA,36868,32975,19770
414,99141,"48.751183, -118.134014",Kettle Falls,WA,5167,32884,19871
415,98590,"46.760519, -123.963223",Tokeland,WA,435,32857,19901
416,98564,"46.492351, -122.466667",Mossyrock,WA,2240,32838,19920
417,98582,"46.523682, -122.625740",Salkum,WA,379,32813,19939
418,98850,"47.396587, -120.068299",Rock Island,WA,1814,32788,19977
419,99329,"46.109126, -118.149747",Dixie,WA,231,32708,20043
420,98339,"47.992830, -122.734913",Port Hadlock,WA,3498,32645,20113
421,99344,"46.833925, -119.146790",Othello,WA,13726,32615,20144
422,98673,"45.660565, -120.954087",Wishram,WA,213,32500,20251
423,98531,"46.735829, -122.946126",Centralia,WA,21842,32485,20324
424,98499,"47.168693, -122.503347",Lakewood,WA,28959,32459,20344
425,98381,"48.293046, -124.438704",Sekiu,WA,1484,32443,20358
426,98631,"46.377455, -124.019393",Long Beach,WA,3411,32388,20427
427,98444,"47.153041, -122.448831",Tacoma,WA,31712,32351,20478
428,98433,"47.058096, -122.624550",Tacoma,WA,19645,32339,20503
429,98569,"47.009146, -124.149393",Ocean Shores,WA,4230,32331,20514
430,99134,"47.454343, -118.342435",Harrington,WA,637,32273,20575
431,98121,"47.614743, -122.345855",Seattle,WA,8558,32271,20584
432,98315,"47.722257, -122.714126",Silverdale,WA,7253,32246,20631
433,98595,"46.883903, -124.107620",Westport,WA,2811,32218,20665
434,98409,"47.210957, -122.481577",Tacoma,WA,21988,32132,20795
435,99328,"46.316552, -117.926754",Dayton,WA,3806,32130,20798
436,98550,"47.112596, -123.923008",Hoquiam,WA,11733,32104,20838
437,98122,"47.610445, -122.302983",Seattle,WA,28790,32085,20853
438,98542,"46.518987, -122.722600",Ethel,WA,530,32083,20860
439,99121,"48.977591, -118.463240",Danville,WA,137,32000,20977
440,98361,"46.538771, -121.504767",Packwood,WA,1209,31964,21028
441,98424,"47.236657, -122.351299",Tacoma,WA,4836,31938,21062
442,98843,"47.746568, -120.055099",Orondo,WA,1556,31932,21068
443,98935,"46.136137, -120.032279",Mabton,WA,3885,31915,21093
444,98336,"46.568989, -122.112192",Glenoma,WA,1198,31875,21134
445,99115,"47.662777, -119.438201",Coulee City,WA,1133,31827,21221
446,98577,"46.655936, -123.626968",Raymond,WA,6457,31826,21224
447,99004,"47.420062, -117.631165",Cheney,WA,14407,31465,21678
448,98849,"48.540990, -119.409523",Riverside,WA,950,31458,21691
449,99103,"47.753508, -118.949806",Almira,WA,577,31406,21756
450,99033,"47.222802, -117.105396",Tekoa,WA,931,31389,21780
451,99109,"48.274737, -117.723079",Chewelah,WA,4382,31389,21783
452,99180,"48.285589, -117.306730",Usk,WA,765,31375,21796
453,98552,"47.352540, -123.892592",Humptulips,WA,610,31364,21816
454,99133,"48.020704, -119.054157",Grand Coulee,WA,1643,31118,22166
455,98377,"46.499823, -121.677200",Randle,WA,2043,31116,22171
456,99330,"46.492312, -119.021033",Eltopia,WA,807,31000,22313
457,98644,"46.329863, -124.052600",Seaview,WA,516,30968,22361
458,98305,"48.056293, -124.301240",Beaver,WA,407,30938,22409
459,98620,"45.845875, -120.750903",Goldendale,WA,6936,30934,22411
460,99101,"48.317995, -117.938592",Addy,WA,1295,30885,22452
461,98621,"46.343035, -123.559855",Grays River,WA,245,30694,22706
462,98902,"46.596673, -120.533851",Yakima,WA,42634,30694,22707
463,99166,"48.646520, -118.716638",Republic,WA,2955,30689,22716
464,98944,"46.409620, -119.936676",Sunnyside,WA,20108,30689,22717
465,99324,"46.044882, -118.406146",College Place,WA,8455,30629,22777
466,98405,"47.245647, -122.472399",Tacoma,WA,22355,30585,22875
467,98660,"45.707104, -122.741115",Vancouver,WA,10019,30585,22877
468,99117,"47.738480, -118.493248",Creston,WA,548,30526,22967
469,98856,"48.353876, -120.091137",Twisp,WA,2182,30504,22988
470,98841,"48.379699, -119.289234",Omak,WA,8927,30492,23005
471,99013,"47.860588, -117.818494",Ford,WA,1016,30489,23008
472,98326,"48.179870, -124.411486",Clallam Bay,WA,550,30476,23027
473,99176,"47.102921, -117.411346",Thornton,WA,214,30417,23085
474,98951,"46.456028, -120.513604",Wapato,WA,13570,30417,23107
475,99032,"47.274403, -117.989955",Sprague,WA,710,30385,23152
476,98586,"46.548964, -123.857992",South Bend,WA,2257,30357,23183
477,99151,"48.664290, -118.064106",Marcus,WA,115,30357,23185
478,98840,"48.280783, -119.546978",Okanogan,WA,4808,30307,23264
479,98926,"47.018385, -120.476046",Ellensburg,WA,24800,30198,23394
480,98832,"47.309890, -119.046527",Marlin,WA,318,30000,23611
481,98571,"47.225117, -124.198210",Pacific Beach,WA,478,29722,23900
482,98624,"46.316961, -124.013422",Ilwaco,WA,1337,29716,23908
483,99128,"47.097950, -117.081344",Farmington,WA,374,29688,23945
484,99139,"48.732179, -117.358713",Ione,WA,1187,29688,23946
485,98526,"47.473894, -124.001776",Amanda Park,WA,430,29500,24148
486,98539,"46.637019, -123.279465",Doty,WA,184,29375,24266
487,98355,"46.702820, -122.039541",Mineral,WA,634,29125,24541
488,98225,"48.765045, -122.492381",Bellingham,WA,42414,29056,24618
489,99167,"48.409105, -118.111545",Rice,WA,580,29048,24625
490,98614,"46.286325, -123.915936",Chinook,WA,556,28958,24697
491,99118,"48.902290, -118.650671",Curlew,WA,1165,28864,24801
492,98605,"45.776892, -121.665459",Bingen,WA,1186,28846,24819
493,98353,"47.553842, -122.545320",Manchester,WA,122,28750,24871
494,99357,"46.910395, -119.700388",Royal City,WA,3746,28725,24972
495,98836,"47.470973, -120.413030",Monitor,WA,324,28713,24976
496,98572,"46.596173, -123.316956",Pe Ell,WA,865,28472,25209
497,98628,"45.879400, -121.130937",Klickitat,WA,298,28375,25297
498,98948,"46.306575, -120.356787",Toppenish,WA,13262,28218,25438
499,98439,"47.131315, -122.495883",Lakewood,WA,6794,28172,25490
500,98320,"47.718634, -122.992631",Brinnon,WA,1197,28167,25495
501,98855,"48.691023, -119.328642",Tonasket,WA,5469,27994,25696
502,98337,"47.566095, -122.637870",Bremerton,WA,8332,27988,25699
503,98901,"46.677182, -120.330547",Yakima,WA,28724,27878,25797
504,99040,"47.876159, -117.990782",Wellpinit,WA,930,27798,25881
505,99001,"47.642200, -117.591346",Airway Heights,WA,1328,27571,26063
506,98547,"46.783949, -124.035956",Grayland,WA,1642,27464,26178
507,98267,"48.401646, -121.292255",Marblemount,WA,582,27188,26430
508,99129,"48.014957, -118.193094",Fruitland,WA,751,27115,26515
509,99207,"47.693993, -117.387702",Spokane,WA,38565,27095,26530
510,98134,"47.577676, -122.335954",Seattle,WA,636,27083,26548
511,98101,"47.610198, -122.334555",Seattle,WA,9010,26995,26650
512,98813,"47.989020, -119.599725",Bridgeport,WA,2348,26833,26805
513,99155,"48.165055, -119.051363",Nespelem,WA,1281,26833,26806
514,98640,"46.542667, -124.036849",Ocean Park,WA,3811,26721,26901
515,98812,"48.121770, -119.761206",Brewster,WA,5327,26625,26998
516,99149,"47.216305, -117.456155",Malden,WA,218,26528,27077
517,98844,"48.913780, -119.274127",Oroville,WA,4501,26476,27135
518,99119,"48.515346, -117.414658",Cusick,WA,1139,26331,27241
519,98587,"47.324195, -124.222000",Taholah,WA,900,26172,27408
520,98602,"45.859293, -121.288307",Appleton,WA,195,25917,27588
521,99363,"46.056211, -118.893574",Wallula,WA,235,25893,27603
522,98932,"46.328018, -120.157228",Granger,WA,4182,25833,27649
523,98851,"47.438789, -119.410359",Soap Lake,WA,3759,25393,27966
524,98860,"47.488577, -119.139819",Wilson Creek,WA,257,25250,28067
525,99202,"47.657156, -117.378870",Spokane,WA,19801,25053,28181
526,99136,"46.656700, -117.959434",Hay,WA,48,25000,28212
527,99173,"48.040751, -117.859675",Springdale,WA,1253,24826,28318
528,99140,"48.096113, -118.728147",Keller,WA,439,24464,28532
529,99401,"46.053358, -117.286726",Anatone,WA,221,24271,28648
530,98581,"46.369609, -123.071611",Ryderwood,WA,422,24167,28702
531,98357,"48.333425, -124.634935",Neah Bay,WA,1356,24091,28763
532,98533,"46.588620, -122.531453",Cinebar,WA,517,24038,28789
533,99346,"45.964295, -119.379908",Plymouth,WA,268,24018,28800
534,99153,"48.910890, -117.165805",Metaline Falls,WA,440,23889,28868
535,99138,"48.249734, -118.334561",Inchelium,WA,1173,23625,29024
536,98829,"48.302475, -119.753709",Malott,WA,562,23250,29233
537,99152,"48.889071, -117.371674",Metaline,WA,199,23077,29320
538,98934,"46.983262, -120.416916",Kittitas,WA,479,23000,29356
539,99157,"48.929215, -117.798823",Northport,WA,683,22841,29422
540,99321,"46.860418, -119.857169",Beverly,WA,620,22440,29595
541,99163,"46.716242, -117.209557",Pullman,WA,26196,22418,29605
542,98817,"47.787961, -120.001940",Chelan Falls,WA,348,22381,29624
543,98827,"48.868980, -119.720455",Loomis,WA,437,22381,29625
544,99137,"48.147862, -118.115216",Hunters,WA,306,22143,29735
545,98350,"47.903863, -124.602687",La Push,WA,371,21750,29929
546,98819,"48.585401, -119.827200",Conconully,WA,256,21563,30009
547,98616,"46.087943, -122.266703",Cougar,WA,96,21250,30153
548,99204,"47.649045, -117.431262",Spokane,WA,9863,21158,30174
549,98562,"47.258807, -124.206908",Moclips,WA,192,19375,30700
550,99150,"48.795844, -118.568901",Malo,WA,275,18958,30779
551,99160,"48.807446, -118.199598",Orient,WA,115,18542,30868
552,98297,"48.700506, -123.028733",Waldron,WA,104,18452,30880
553,98859,"48.797934, -118.956371",Wauconda,WA,226,17083,31135
554,98821,"47.536587, -120.552085",Dryden,WA,243,16917,31157
555,99201,"47.663905, -117.434823",Spokane,WA,11265,16257,31237
556,98235,"48.460985, -122.233908",Clearlake,WA,95,16250,31257
557,98104,"47.601701, -122.327670",Seattle,WA,13095,16205,31263
558,98402,"47.251349, -122.443181",Tacoma,WA,4935,15847,31304
559,99359,"46.510216, -118.194986",Starbuck,WA,72,13393,31550
560,98174,"47.604569, -122.335359",Seattle,WA,180,0,31889
561,98154,"47.606211, -122.333792",Seattle,WA,1,0,31893
562,98164,"47.605962, -122.332029",Seattle,WA,1,0,31894