Department,BCL,BCL Name,2011.0,2012.0,2013.0,2014.0,2015.0,2016.0
Department of Parks and Recreation,K72440,Debt Service and Contract Obligation,3392,3593,3826,4131,4273,2751
Department of Parks and Recreation,K72447,Docks/Piers/Floats/Seawalls/Shorelines,933,2646,100,100,100,100
Department of Parks and Recreation,K72445,Ballfields/Athletic Courts/Play Areas,758,200,460,1345,720,720
Department of Parks and Recreation,K72442,Forest Restoration,1974,2176,2179,2182,2185,2192
Department of Parks and Recreation,K72444,Building Component Renovations,23483,1590,940,940,940,940
Department of Parks and Recreation,K72446,Pools/Natatorium Renovations,309,0,0,0,0,0
Department of Parks and Recreation,K72441,Parks Infrastructure,634,525,475,475,475,475
Department of Parks and Recreation,K72582,Gas Works Park Remediation,20,20,20,20,0,0
Department of Parks and Recreation,K72253,Golf Projects,5235,3468,7947,2087,2804,1667
Department of Parks and Recreation,K72449,Citywide and Neighborhood Projects,985,955,955,955,955,955
Department of Parks and Recreation,K720031,2008 Parks Levy - P-Patch Development,500,0,0,0,0,0
Department of Parks and Recreation,K720021,2008 Parks Levy- Cultural Facilities,4521,4500,0,0,0,0
Department of Parks and Recreation,K720030,2008 Parks Levy- Forest & Stream Restoration,700,100,100,100,0,0
Department of Parks and Recreation,K720011,2008 Parks Levy- Green Space Acquisition,750,750,750,700,0,0
Department of Parks and Recreation,K720023,2008 Parks Levy- Major Parks,2371,1018,0,0,0,0
Department of Parks and Recreation,K720010,2008 Parks Levy- Neighborhood Park Acquisition,2275,1800,300,300,300,300
Department of Parks and Recreation,K720020,2008 Parks Levy- Neighborhood Parks and Playgrounds,7031,6370,0,0,0,0
Department of Parks and Recreation,K720032,2008 Parks Levy- Shoreline Access,75,75,75,75,0,0
Department of Parks and Recreation,K723008,2000 Parks Levy - Development Opportunity Fund,1000,0,0,0,0,0
Department of Parks and Recreation,K72861,Parks Upgrade Program,508,508,508,508,508,508
Department of Parks and Recreation Total,,,,,,,,
Seattle Center,S03P01,Campuswide Improvements and Repairs,402,238,1018,1030,1040,1049
Seattle Center,S0301,Parking Repairs and Improvements,230,0,915,197,203,208
Seattle Center,S9113,Center House Rehabilitation,3580,432,932,951,967,980
Seattle Center,S9705,Fisher Pavilion,0,35,234,243,250,256
Seattle Center,S03P04,KeyArena,446,0,500,519,535,548
Seattle Center,S9403,Monorail Improvements,1318,1319,1318,1317,1319,1319
Seattle Center,S9902,Public Gathering Space Improvements,50,50,291,298,305,310
Seattle Center,S03P02,Facility Infrastructure Renovation and Repair,980,784,927,153,158,162
Seattle Center,S9604,Theatre Improvements and Repairs,1300,0,605,618,629,639
Seattle Center,S0303,McCaw Hall Maintenance Fund,400,400,2092,874,900,926
Seattle Center,S03P03,Utility Infrastructure,510,0,378,392,404,414
Seattle Center,S9801,"Waste/Recycle Center, Warehouse and Shops Improvements",0,0,50,50,50,50
Seattle Center Total,,,,,,,,
The Seattle Public Library,B401111,Preliminary Engineering and Planning,0,0,220,230,240,250
The Seattle Public Library,B301111,Library Major Maintenance,830,600,1500,1700,1850,2000
The Seattle Public Library Total,,,,,,,,
Seattle Department of Transportation,19003.0,Mobility-Capital,34030.547,22603,46031,21446,31809,21719
Seattle Department of Transportation,19002.0,Major Projects,105133.246,117104.50899999999,204934.533,156757.968,97994.79800000001,75520.735
Seattle Department of Transportation,19001.0,Major Maintenance/Replacement,56783,47165,51834,35230,29830.677,34253
Seattle Department of Transportation,18002D,Debt Service Program,2699,1833,1371,1372,1372,0
Seattle Department of Transportation Total,,,,,,,,
Seattle City Light,SCL250,Power Supply and Environmental Affairs - CIP,65492,51824,120133,49455,41933,24098
Seattle City Light,SCL350,Customer Services & Energy Delivery - CIP,200073,219262,192812,179553,178606,182021
Seattle City Light,SCL550,Financial Services - CIP,6206,8113,11963,10385,9675,3768
Seattle City Light Total,,,,,,,,
Seattle Public Utilities,C410B,Shared Cost Projects,28712.542999999998,37437.234000000004,37432.611999999994,40174.759000000005,40899.46900000001,37152.278000000006
Seattle Public Utilities,C160B,Habitat Conservation Program,11122.686999999998,4236.695,4154.281,4721.8769999999995,3222.3199999999997,2313.678
Seattle Public Utilities,C333B,Protection of Beneficial Uses,2282.601,6040.123,2875.767,2489.52,2539.4300000000003,2590.26
Seattle Public Utilities,C120B,Transmission,1688.1,3024.4429999999998,3085.97,3149.7839999999997,3216.2439999999997,3280.622
Seattle Public Utilities,C130B,Watershed Stewardship,1141.554,896.831,886.1020000000001,789.07,662.46,675.72
Seattle Public Utilities,C150B,Water Resources,6516.169,9347.325,4820.501,15055.102,44324.270000000004,18259.415999999997
Seattle Public Utilities,C110B,Distribution,20491.716,20819.443,21581.623999999996,29620.959000000006,30249.027999999995,30854.500999999993
Seattle Public Utilities,C350B,Sediments,6350.146,5385.277,1459.554,932.659,491.004,497.454
Seattle Public Utilities,C510B,Technology,10247.789999999999,13206.712000000001,21470.702,23739.576,16015.366999999998,14300.562000000002
Seattle Public Utilities,C230B,New Facilities,25710.121,35411.056,32367.661,36724.75,21463.704,3975.486
Seattle Public Utilities,C370B,Rehabilitation,6471.519,10526.291000000001,12649.152999999998,13683.349,14296.506999999998,14527.98
Seattle Public Utilities,C380B,"Flooding, Sewer Back-up, and Landslides",35069.776,23240.983999999997,17635.404,18809.729,18773.787999999997,18019.199999999997
Seattle Public Utilities,C360B,Combined Sewer Overflows,17806.875,25769.534,38408.215,33016.824,31998.359,25395.96
Seattle Public Utilities,C140B,Water Quality & Treatment,18329.399,8115.12,2236.4900000000002,324.71999999999997,662.4599999999999,2365.02
Seattle Public Utilities,C240B,Rehabilitation and Heavy Equipment,262.14,270.504,58.366,48.708,49.685,50.679
Seattle Public Utilities Total,,,,,,,,
Department of Information Technology,D3300,Technology Infrastructure,8185,7650,9215,11297,10201,9092
Department of Information Technology,D4400,Office of Electronic Communications,92,37,391,393,448,453
Department of Information Technology Total,,,,,,,,
Finance and Administrative Services,A1FL1,Neighborhood Fire Stations,21711,31749,9493,2890,3862,3862
Finance and Administrative Services,A1AP2,Asset Preservation - Seattle Municipal Tower,1120,2150,1670,1670,1670,1670
Finance and Administrative Services,A1AP4,Asset Preservation - Shops and Yards,100,650,600,600,600,600
Finance and Administrative Services,A1PS1,Public Safety Facilities - Police,500,0,0,0,0,0
Finance and Administrative Services,A1AP1,Asset Preservation - Civic Core,1400,370,850,850,850,850
Finance and Administrative Services,A1AP6,Asset Preservation - Public Safety Facilities,1100,550,600,600,600,600
Finance and Administrative Services,A1GM1,General Government Facilities - General,4692,10200,5500,6500,6500,6500
Finance and Administrative Services,A51647,Garden of Remembrance,23,24,25,26,26,27
Finance and Administrative Services,A1GM3,Environmental Stewardship,150,100,0,0,0,0
Finance and Administrative Services Total,,,,,,,,
Grand Total,,,,,,,,
