GeoFIPS,GeoName,Region,TableName,ComponentName,Unit,IndustryId,IndustryClassification,Description,2001,2002,2003,2004,2005,2006,2007,2008,2009,2010,2011,2012,2013,2014,2015,2016,2017
 "42660" ,"Seattle-Tacoma-Bellevue, WA (Metropolitan Statistical Area)", ,MAGDP2,"Gross domestic product (GDP) by metropolitan area","Millions of current dollars",1,"...","All industry total",166674.3,171417.3,176485.1,182721.4,199157.1,215017.6,236507.3,242244.8,237726.3,242488.2,250147.4,267471.9,280291.0,296027.6,317153.1,334411.0,356572.0
 "42660" ,"Seattle-Tacoma-Bellevue, WA (Metropolitan Statistical Area)", ,MAGDP2,"Gross domestic product (GDP) by metropolitan area","Millions of current dollars",2,"..."," Private industries",149155.9,152826.2,156856.3,162159.3,177053.4,191254.8,211536.6,215200.3,209198.7,212906.6,220362.4,236341.9,248587.6,263670.1,284058.9,299874.1,320656.6
 "42660" ,"Seattle-Tacoma-Bellevue, WA (Metropolitan Statistical Area)", ,MAGDP2,"Gross domestic product (GDP) by metropolitan area","Millions of current dollars",3,"11","  Agriculture, forestry, fishing, and hunting",529.6,531.1,646.3,738.6,787.5,907.6,987.9,1018.3,843.5,655.2,582.1,566.5,565.4,641.3,758.0,676.4,592.3
 "42660" ,"Seattle-Tacoma-Bellevue, WA (Metropolitan Statistical Area)", ,MAGDP2,"Gross domestic product (GDP) by metropolitan area","Millions of current dollars",4,"111-112","   Farms",164.8,141.4,199.8,183.3,172.9,169.7,154.4,117.4,116.9,123.2,155.6,133.6,144.9,165.1,208.7,161.6,(NA)
 "42660" ,"Seattle-Tacoma-Bellevue, WA (Metropolitan Statistical Area)", ,MAGDP2,"Gross domestic product (GDP) by metropolitan area","Millions of current dollars",5,"113-115","   Forestry, fishing, and related activities",364.8,389.6,446.5,555.4,614.6,737.9,833.5,900.9,726.6,532.0,426.5,432.9,420.5,476.2,549.3,514.8,(NA)
 "42660" ,"Seattle-Tacoma-Bellevue, WA (Metropolitan Statistical Area)", ,MAGDP2,"Gross domestic product (GDP) by metropolitan area","Millions of current dollars",6,"21","  Mining, quarrying, and oil and gas extraction",97.5,79.6,92.6,84.5,149.7,228.6,249.4,190.7,359.3,505.6,609.8,536.7,362.8,394.5,342.0,340.7,335.3
 "42660" ,"Seattle-Tacoma-Bellevue, WA (Metropolitan Statistical Area)", ,MAGDP2,"Gross domestic product (GDP) by metropolitan area","Millions of current dollars",7,"211","   Oil and gas extraction",(D),(D),(D),0.0,0.0,0.0,0.0,0.0,0.0,(D),(D),(D),(D),(D),(D),(D),(NA)
 "42660" ,"Seattle-Tacoma-Bellevue, WA (Metropolitan Statistical Area)", ,MAGDP2,"Gross domestic product (GDP) by metropolitan area","Millions of current dollars",8,"212","   Mining (except oil and gas)",(D),(D),87.6,(D),(D),223.8,245.5,(D),(D),(D),(D),523.1,350.9,(D),327.0,327.7,(NA)
 "42660" ,"Seattle-Tacoma-Bellevue, WA (Metropolitan Statistical Area)", ,MAGDP2,"Gross domestic product (GDP) by metropolitan area","Millions of current dollars",9,"213","   Support activities for mining",(D),(D),(D),(D),(D),4.8,3.9,(D),(D),(D),(D),(D),(D),(D),(D),(D),(NA)
 "42660" ,"Seattle-Tacoma-Bellevue, WA (Metropolitan Statistical Area)", ,MAGDP2,"Gross domestic product (GDP) by metropolitan area","Millions of current dollars",10,"22","  Utilities",1671.7,1525.6,1676.8,1795.5,1677.5,1972.2,1592.9,1649.0,1386.0,1529.8,1642.4,1464.5,1518.0,1551.1,1560.5,1827.1,2004.1
 "42660" ,"Seattle-Tacoma-Bellevue, WA (Metropolitan Statistical Area)", ,MAGDP2,"Gross domestic product (GDP) by metropolitan area","Millions of current dollars",11,"23","  Construction",6840.5,6579.4,6965.9,7833.7,9067.4,10247.7,11870.1,10956.4,8883.0,7273.0,7015.2,7702.6,9287.1,10693.0,11999.2,13271.9,14090.4
 "42660" ,"Seattle-Tacoma-Bellevue, WA (Metropolitan Statistical Area)", ,MAGDP2,"Gross domestic product (GDP) by metropolitan area","Millions of current dollars",12,"31-33","  Manufacturing",24769.3,24658.6,22593.8,22465.2,27794.9,31087.8,34596.7,33595.4,34921.3,36587.9,37546.2,39771.9,41652.3,43727.9,46197.6,44450.5,43850.3
 "42660" ,"Seattle-Tacoma-Bellevue, WA (Metropolitan Statistical Area)", ,MAGDP2,"Gross domestic product (GDP) by metropolitan area","Millions of current dollars",13,"321,327-339","   Durable goods manufacturing",21094.4,19969.6,(D),19020.6,23487.1,26682.4,29775.2,(D),30285.4,31997.9,32925.3,35536.4,37375.7,39395.1,41525.0,39484.8,38775.1
 "42660" ,"Seattle-Tacoma-Bellevue, WA (Metropolitan Statistical Area)", ,MAGDP2,"Gross domestic product (GDP) by metropolitan area","Millions of current dollars",14,"321","    Wood product manufacturing",415.8,326.6,395.6,455.1,489.6,401.3,386.4,342.2,277.8,294.8,298.9,303.4,364.2,462.0,422.7,342.8,(NA)
 "42660" ,"Seattle-Tacoma-Bellevue, WA (Metropolitan Statistical Area)", ,MAGDP2,"Gross domestic product (GDP) by metropolitan area","Millions of current dollars",15,"327","    Nonmetallic mineral product manufacturing",455.9,434.6,450.9,480.8,543.9,586.5,693.1,618.6,507.2,490.8,454.0,519.3,570.6,573.1,689.8,712.0,(NA)
 "42660" ,"Seattle-Tacoma-Bellevue, WA (Metropolitan Statistical Area)", ,MAGDP2,"Gross domestic product (GDP) by metropolitan area","Millions of current dollars",16,"331","    Primary metal manufacturing",132.8,91.6,(D),(D),(D),(D),(D),(D),(D),(D),(D),(D),(D),(D),(D),(D),(NA)
 "42660" ,"Seattle-Tacoma-Bellevue, WA (Metropolitan Statistical Area)", ,MAGDP2,"Gross domestic product (GDP) by metropolitan area","Millions of current dollars",17,"332","    Fabricated metal product manufacturing",730.7,739.2,738.3,833.9,944.5,1040.0,1156.3,1124.0,884.1,949.1,1084.4,1252.7,1314.2,1374.1,1192.6,1234.6,(NA)
 "42660" ,"Seattle-Tacoma-Bellevue, WA (Metropolitan Statistical Area)", ,MAGDP2,"Gross domestic product (GDP) by metropolitan area","Millions of current dollars",18,"333","    Machinery manufacturing",560.6,479.0,479.2,540.3,641.4,876.1,1232.0,1179.8,1071.3,1003.2,1012.0,1065.7,874.5,961.7,924.5,904.4,(NA)
 "42660" ,"Seattle-Tacoma-Bellevue, WA (Metropolitan Statistical Area)", ,MAGDP2,"Gross domestic product (GDP) by metropolitan area","Millions of current dollars",19,"334","    Computer and electronic product manufacturing",1530.9,1658.3,1790.8,1923.1,2630.7,2239.9,2343.9,2805.7,2654.4,2839.1,2683.0,3473.8,4272.4,3031.7,2984.4,3183.2,(NA)
 "42660" ,"Seattle-Tacoma-Bellevue, WA (Metropolitan Statistical Area)", ,MAGDP2,"Gross domestic product (GDP) by metropolitan area","Millions of current dollars",20,"335","    Electrical equipment, appliance, and component manufacturing",284.2,280.5,304.3,(D),(D),(D),(D),(D),(D),185.0,156.5,(D),(D),(D),(D),232.3,(NA)
 "42660" ,"Seattle-Tacoma-Bellevue, WA (Metropolitan Statistical Area)", ,MAGDP2,"Gross domestic product (GDP) by metropolitan area","Millions of current dollars",21,"3361-3363","    Motor vehicles, bodies and trailers, and parts manufacturing",(D),(D),(D),(D),(D),(D),(D),(D),(D),(D),(D),(D),416.5,(D),(D),(D),(NA)
 "42660" ,"Seattle-Tacoma-Bellevue, WA (Metropolitan Statistical Area)", ,MAGDP2,"Gross domestic product (GDP) by metropolitan area","Millions of current dollars",22,"3364-3369","    Other transportation equipment manufacturing",(D),(D),(D),(D),(D),(D),(D),(D),(D),(D),(D),(D),(D),(D),(D),(D),(NA)
 "42660" ,"Seattle-Tacoma-Bellevue, WA (Metropolitan Statistical Area)", ,MAGDP2,"Gross domestic product (GDP) by metropolitan area","Millions of current dollars",23,"337","    Furniture and related product manufacturing",294.4,272.2,277.2,269.2,302.4,333.0,345.7,291.2,211.5,188.9,179.6,174.1,219.1,209.9,250.7,245.7,(NA)
 "42660" ,"Seattle-Tacoma-Bellevue, WA (Metropolitan Statistical Area)", ,MAGDP2,"Gross domestic product (GDP) by metropolitan area","Millions of current dollars",24,"339","    Miscellaneous manufacturing",552.4,615.8,612.3,553.0,569.9,670.0,642.0,719.3,783.4,768.0,799.7,724.7,778.6,788.3,865.7,830.2,(NA)
 "42660" ,"Seattle-Tacoma-Bellevue, WA (Metropolitan Statistical Area)", ,MAGDP2,"Gross domestic product (GDP) by metropolitan area","Millions of current dollars",25,"311-316,322-326","   Nondurable goods manufacturing",3674.9,4689.0,(D),3444.6,4307.8,4405.4,4821.6,(D),4635.9,4590.0,4620.9,4235.4,4276.6,4332.8,4672.6,4965.7,5075.2
 "42660" ,"Seattle-Tacoma-Bellevue, WA (Metropolitan Statistical Area)", ,MAGDP2,"Gross domestic product (GDP) by metropolitan area","Millions of current dollars",26,"311-312","    Food and beverage and tobacco products manufacturing",(D),(D),(D),(D),(D),(D),(D),1610.3,(D),1724.2,1734.6,1758.4,1864.9,2089.8,2176.3,2412.3,(NA)
 "42660" ,"Seattle-Tacoma-Bellevue, WA (Metropolitan Statistical Area)", ,MAGDP2,"Gross domestic product (GDP) by metropolitan area","Millions of current dollars",27,"313-314","    Textile mills and textile product mills",(D),(D),(D),(D),(D),(D),(D),(D),(D),(D),(D),(D),(D),(D),(D),(D),(NA)
 "42660" ,"Seattle-Tacoma-Bellevue, WA (Metropolitan Statistical Area)", ,MAGDP2,"Gross domestic product (GDP) by metropolitan area","Millions of current dollars",28,"315-316","    Apparel, leather, and allied product manufacturing",(D),93.0,83.7,87.0,92.3,(D),(D),(D),(D),(D),(D),(D),86.3,(D),(D),(D),(NA)
 "42660" ,"Seattle-Tacoma-Bellevue, WA (Metropolitan Statistical Area)", ,MAGDP2,"Gross domestic product (GDP) by metropolitan area","Millions of current dollars",29,"322","    Paper manufacturing",(D),(D),(D),(D),(D),(D),(D),(D),(D),(D),(D),(D),(D),(D),(D),(D),(NA)
 "42660" ,"Seattle-Tacoma-Bellevue, WA (Metropolitan Statistical Area)", ,MAGDP2,"Gross domestic product (GDP) by metropolitan area","Millions of current dollars",30,"323","    Printing and related support activities",470.9,454.8,419.0,447.7,437.3,509.1,496.9,500.7,473.5,483.7,427.6,363.2,349.4,367.1,363.1,388.4,(NA)
 "42660" ,"Seattle-Tacoma-Bellevue, WA (Metropolitan Statistical Area)", ,MAGDP2,"Gross domestic product (GDP) by metropolitan area","Millions of current dollars",31,"324","    Petroleum and coal products manufacturing",393.2,630.6,590.0,321.8,960.7,647.3,742.5,566.0,425.1,921.3,707.8,702.7,613.9,514.2,(D),(D),(NA)
 "42660" ,"Seattle-Tacoma-Bellevue, WA (Metropolitan Statistical Area)", ,MAGDP2,"Gross domestic product (GDP) by metropolitan area","Millions of current dollars",32,"325","    Chemical manufacturing",585.0,1461.7,658.0,581.7,664.7,654.4,658.6,677.8,772.0,483.6,834.7,582.5,575.0,502.1,758.3,837.5,(NA)
 "42660" ,"Seattle-Tacoma-Bellevue, WA (Metropolitan Statistical Area)", ,MAGDP2,"Gross domestic product (GDP) by metropolitan area","Millions of current dollars",33,"326","    Plastics and rubber products manufacturing",356.4,341.5,355.1,350.1,395.5,458.3,447.1,330.4,355.4,368.6,359.8,348.6,370.6,366.1,426.3,419.4,(NA)
 "42660" ,"Seattle-Tacoma-Bellevue, WA (Metropolitan Statistical Area)", ,MAGDP2,"Gross domestic product (GDP) by metropolitan area","Millions of current dollars",34,"42","  Wholesale trade",10779.1,10500.5,10799.1,11721.1,12305.3,13235.0,13958.2,14360.1,13541.6,14357.5,14896.4,15542.8,16102.0,16770.8,17643.6,18000.2,19338.5
 "42660" ,"Seattle-Tacoma-Bellevue, WA (Metropolitan Statistical Area)", ,MAGDP2,"Gross domestic product (GDP) by metropolitan area","Millions of current dollars",35,"44-45","  Retail trade",10982.6,11228.8,11512.6,11908.5,12895.0,13763.3,14188.4,14165.4,13733.6,14721.8,15781.5,17442.5,19361.5,21320.4,23950.8,27071.8,33307.6
 "42660" ,"Seattle-Tacoma-Bellevue, WA (Metropolitan Statistical Area)", ,MAGDP2,"Gross domestic product (GDP) by metropolitan area","Millions of current dollars",36,"48-49","  Transportation and warehousing",4753.4,4749.3,5154.3,5754.1,6145.4,6750.6,6803.4,6881.3,6791.5,7396.1,7700.9,8053.7,8399.6,8684.8,9476.1,10178.4,10637.0
 "42660" ,"Seattle-Tacoma-Bellevue, WA (Metropolitan Statistical Area)", ,MAGDP2,"Gross domestic product (GDP) by metropolitan area","Millions of current dollars",37,"481","   Air transportation",1208.4,1218.1,(D),(D),(D),(D),(D),(D),(D),(D),(D),(D),(D),(D),(D),(D),(NA)
 "42660" ,"Seattle-Tacoma-Bellevue, WA (Metropolitan Statistical Area)", ,MAGDP2,"Gross domestic product (GDP) by metropolitan area","Millions of current dollars",38,"482","   Rail transportation",210.9,192.6,(D),(D),(D),(D),(D),(D),(D),(D),(D),(D),(D),(D),(D),(D),(NA)
 "42660" ,"Seattle-Tacoma-Bellevue, WA (Metropolitan Statistical Area)", ,MAGDP2,"Gross domestic product (GDP) by metropolitan area","Millions of current dollars",39,"483","   Water transportation",(D),(D),(D),(D),(D),(D),(D),(D),(D),(D),(D),(D),783.3,(D),(D),(D),(NA)
 "42660" ,"Seattle-Tacoma-Bellevue, WA (Metropolitan Statistical Area)", ,MAGDP2,"Gross domestic product (GDP) by metropolitan area","Millions of current dollars",40,"484","   Truck transportation",988.2,963.3,997.0,1052.3,1191.6,1354.0,1384.2,1323.3,1203.8,1206.2,1281.3,1326.3,1412.2,1497.9,1653.8,1737.9,(NA)
 "42660" ,"Seattle-Tacoma-Bellevue, WA (Metropolitan Statistical Area)", ,MAGDP2,"Gross domestic product (GDP) by metropolitan area","Millions of current dollars",41,"485","   Transit and ground passenger transportation",197.6,181.4,196.5,215.0,220.9,258.4,281.9,307.4,316.1,327.9,348.1,350.1,357.7,374.8,420.9,444.1,(NA)
 "42660" ,"Seattle-Tacoma-Bellevue, WA (Metropolitan Statistical Area)", ,MAGDP2,"Gross domestic product (GDP) by metropolitan area","Millions of current dollars",42,"486","   Pipeline transportation",(D),(D),(D),(D),(D),(D),(D),(D),(D),(D),(D),(D),(D),(D),(D),(D),(NA)
 "42660" ,"Seattle-Tacoma-Bellevue, WA (Metropolitan Statistical Area)", ,MAGDP2,"Gross domestic product (GDP) by metropolitan area","Millions of current dollars",43,"487-488, 492","   Other transportation and support activities",(D),(D),(D),(D),(D),(D),(D),(D),(D),(D),(D),(D),2391.8,2424.2,(D),2834.6,(NA)
 "42660" ,"Seattle-Tacoma-Bellevue, WA (Metropolitan Statistical Area)", ,MAGDP2,"Gross domestic product (GDP) by metropolitan area","Millions of current dollars",44,"493","   Warehousing and storage",223.8,228.4,253.4,386.6,440.1,478.5,488.7,482.8,503.3,464.5,482.7,540.3,552.0,517.6,520.1,565.3,(NA)
 "42660" ,"Seattle-Tacoma-Bellevue, WA (Metropolitan Statistical Area)", ,MAGDP2,"Gross domestic product (GDP) by metropolitan area","Millions of current dollars",45,"51","  Information",19868.4,21319.8,22579.6,22649.0,23347.9,23920.9,29823.4,30620.2,29262.7,28346.1,30628.1,35012.8,35893.2,38196.7,42412.7,47058.6,51758.7
 "42660" ,"Seattle-Tacoma-Bellevue, WA (Metropolitan Statistical Area)", ,MAGDP2,"Gross domestic product (GDP) by metropolitan area","Millions of current dollars",46,"511","   Publishing industries (except Internet)",(D),(D),(D),(D),(D),(D),21483.7,21290.0,21002.9,22389.4,24028.0,27179.6,27809.7,28704.6,30641.5,33720.6,(NA)
 "42660" ,"Seattle-Tacoma-Bellevue, WA (Metropolitan Statistical Area)", ,MAGDP2,"Gross domestic product (GDP) by metropolitan area","Millions of current dollars",47,"512","   Motion picture and sound recording industries",301.5,275.3,316.6,353.7,338.0,368.3,425.3,440.8,440.1,453.0,474.3,465.5,490.6,443.2,501.3,485.6,(NA)
 "42660" ,"Seattle-Tacoma-Bellevue, WA (Metropolitan Statistical Area)", ,MAGDP2,"Gross domestic product (GDP) by metropolitan area","Millions of current dollars",48,"515, 517","   Broadcasting (except Internet) and telecommunications",(D),(D),(D),(D),(D),(D),(D),(D),(D),3942.7,(D),(D),(D),(D),(D),(D),(NA)
 "42660" ,"Seattle-Tacoma-Bellevue, WA (Metropolitan Statistical Area)", ,MAGDP2,"Gross domestic product (GDP) by metropolitan area","Millions of current dollars",49,"518, 519","   Data processing, hosting, and other information services",(D),(D),(D),(D),(D),(D),(D),(D),(D),1561.0,(D),(D),(D),(D),(D),(D),(NA)
 "42660" ,"Seattle-Tacoma-Bellevue, WA (Metropolitan Statistical Area)", ,MAGDP2,"Gross domestic product (GDP) by metropolitan area","Millions of current dollars",50,"52, 53","  Finance, insurance, real estate, rental, and leasing",33784.9,35480.0,36842.4,36556.0,39662.4,42638.4,46823.9,48494.6,47584.5,47200.2,47207.6,49861.8,51489.0,54888.8,59072.4,61812.7,64753.0
 "42660" ,"Seattle-Tacoma-Bellevue, WA (Metropolitan Statistical Area)", ,MAGDP2,"Gross domestic product (GDP) by metropolitan area","Millions of current dollars",51,"52","   Finance and insurance",8396.5,9572.1,10527.9,10362.2,11176.9,11278.2,11172.5,10762.2,10568.8,10202.1,10200.0,10824.0,10692.0,11528.4,12651.9,13513.0,13876.6
 "42660" ,"Seattle-Tacoma-Bellevue, WA (Metropolitan Statistical Area)", ,MAGDP2,"Gross domestic product (GDP) by metropolitan area","Millions of current dollars",52,"521-522","    Monetary Authorities- central bank, credit intermediation, and related services",(D),(D),(D),(D),(D),(D),(D),(D),(D),(D),(D),(D),(D),(D),(D),(D),(NA)
 "42660" ,"Seattle-Tacoma-Bellevue, WA (Metropolitan Statistical Area)", ,MAGDP2,"Gross domestic product (GDP) by metropolitan area","Millions of current dollars",53,"523","    Securities, commodity contracts, and other financial investments and related activities",(D),(D),(D),(D),1514.0,1653.5,(D),997.2,1433.5,1450.0,1420.7,1593.0,1838.4,(D),(D),(D),(NA)
 "42660" ,"Seattle-Tacoma-Bellevue, WA (Metropolitan Statistical Area)", ,MAGDP2,"Gross domestic product (GDP) by metropolitan area","Millions of current dollars",54,"524","    Insurance carriers and related activities",3748.0,3450.3,3678.6,3789.4,3996.1,4160.8,4480.3,4429.9,4416.8,4567.5,4475.5,4353.3,4166.8,5092.8,5900.7,6575.0,(NA)
 "42660" ,"Seattle-Tacoma-Bellevue, WA (Metropolitan Statistical Area)", ,MAGDP2,"Gross domestic product (GDP) by metropolitan area","Millions of current dollars",55,"525","    Funds, trusts, and other financial vehicles",(D),(D),(D),(D),(D),(D),(D),(D),(D),(D),(D),(D),(D),(D),(D),(D),(NA)
 "42660" ,"Seattle-Tacoma-Bellevue, WA (Metropolitan Statistical Area)", ,MAGDP2,"Gross domestic product (GDP) by metropolitan area","Millions of current dollars",56,"53","   Real estate and rental and leasing",25388.4,25907.9,26314.5,26193.8,28485.5,31360.2,35651.5,37732.5,37015.7,36998.1,37007.6,39037.8,40797.0,43360.4,46420.5,48299.6,50876.4
 "42660" ,"Seattle-Tacoma-Bellevue, WA (Metropolitan Statistical Area)", ,MAGDP2,"Gross domestic product (GDP) by metropolitan area","Millions of current dollars",57,"531","    Real estate",23201.0,23923.7,24396.6,24257.8,26427.8,29159.3,33374.5,35338.1,36190.4,36058.9,36106.2,37162.1,38384.4,40334.7,43208.1,45277.7,(NA)
 "42660" ,"Seattle-Tacoma-Bellevue, WA (Metropolitan Statistical Area)", ,MAGDP2,"Gross domestic product (GDP) by metropolitan area","Millions of current dollars",58,"532-533","    Rental and leasing services and lessors of nonfinancial intangible assets",2187.4,1984.2,1917.9,1936.0,2057.6,2201.0,2277.0,2394.3,825.3,939.1,901.3,1875.7,2412.6,3025.8,3212.3,3021.9,(NA)
 "42660" ,"Seattle-Tacoma-Bellevue, WA (Metropolitan Statistical Area)", ,MAGDP2,"Gross domestic product (GDP) by metropolitan area","Millions of current dollars",59,"54, 55, 56","  Professional and business services",17625.6,17791.2,18864.0,20175.6,21676.0,23558.4,26516.4,27817.7,26031.9,27456.0,28825.6,30883.1,32751.1,34259.5,35718.3,37750.9,39894.4
 "42660" ,"Seattle-Tacoma-Bellevue, WA (Metropolitan Statistical Area)", ,MAGDP2,"Gross domestic product (GDP) by metropolitan area","Millions of current dollars",60,"54","   Professional, scientific, and technical services",11404.3,11305.2,11707.7,12327.3,13450.0,14390.3,16428.8,17696.9,16672.8,17306.4,18073.5,19210.7,20390.5,21416.2,22166.9,23572.6,25021.6
 "42660" ,"Seattle-Tacoma-Bellevue, WA (Metropolitan Statistical Area)", ,MAGDP2,"Gross domestic product (GDP) by metropolitan area","Millions of current dollars",64,"55","   Management of companies and enterprises",2400.1,2541.9,2868.6,3168.7,3087.2,3566.7,3788.8,3741.2,3459.4,3926.6,4075.6,4530.5,4758.0,4899.1,5122.8,5374.7,5345.7
 "42660" ,"Seattle-Tacoma-Bellevue, WA (Metropolitan Statistical Area)", ,MAGDP2,"Gross domestic product (GDP) by metropolitan area","Millions of current dollars",65,"56","   Administrative and support and waste management and remediation services",3821.2,3944.1,4287.7,4679.6,5138.8,5601.4,6298.8,6379.6,5899.6,6223.0,6676.5,7141.9,7602.6,7944.2,8428.7,8803.6,9527.1
 "42660" ,"Seattle-Tacoma-Bellevue, WA (Metropolitan Statistical Area)", ,MAGDP2,"Gross domestic product (GDP) by metropolitan area","Millions of current dollars",66,"561","    Administrative and support services",3484.2,3605.1,3949.2,4323.9,4744.0,5189.6,5732.9,5798.5,5268.3,5514.4,6034.2,6543.0,6997.6,7310.3,7611.8,7894.7,(NA)
 "42660" ,"Seattle-Tacoma-Bellevue, WA (Metropolitan Statistical Area)", ,MAGDP2,"Gross domestic product (GDP) by metropolitan area","Millions of current dollars",67,"562","    Waste management and remediation services",337.0,339.0,338.5,355.7,394.8,411.7,565.9,581.1,631.4,708.6,642.3,598.9,605.0,633.8,816.9,908.9,(NA)
 "42660" ,"Seattle-Tacoma-Bellevue, WA (Metropolitan Statistical Area)", ,MAGDP2,"Gross domestic product (GDP) by metropolitan area","Millions of current dollars",68,"61, 62","  Educational services, health care, and social assistance",8548.7,9139.3,9607.5,10252.0,10758.3,11367.9,12100.8,13327.2,14127.0,14660.9,15199.0,16108.3,16714.8,17417.0,18489.7,19949.5,21168.4
 "42660" ,"Seattle-Tacoma-Bellevue, WA (Metropolitan Statistical Area)", ,MAGDP2,"Gross domestic product (GDP) by metropolitan area","Millions of current dollars",69,"61","   Educational services",833.9,849.5,883.8,974.8,965.0,1023.1,1092.3,1200.5,1272.3,1327.8,1379.9,1441.6,1492.4,1563.0,1585.9,1633.3,1695.4
 "42660" ,"Seattle-Tacoma-Bellevue, WA (Metropolitan Statistical Area)", ,MAGDP2,"Gross domestic product (GDP) by metropolitan area","Millions of current dollars",70,"62","   Health care and social assistance",7714.8,8289.9,8723.7,9277.2,9793.3,10344.9,11008.5,12126.8,12854.6,13333.1,13819.1,14666.8,15222.4,15853.9,16903.8,18316.2,19473.0
 "42660" ,"Seattle-Tacoma-Bellevue, WA (Metropolitan Statistical Area)", ,MAGDP2,"Gross domestic product (GDP) by metropolitan area","Millions of current dollars",71,"621","    Ambulatory health care services",4080.1,4364.4,4549.1,4856.3,5099.5,5404.9,5744.8,6342.9,6684.0,6978.2,7223.5,7430.1,7806.0,8268.7,8851.5,9675.5,(NA)
 "42660" ,"Seattle-Tacoma-Bellevue, WA (Metropolitan Statistical Area)", ,MAGDP2,"Gross domestic product (GDP) by metropolitan area","Millions of current dollars",72,"622-623","    Hospitals, nursing, and residential care facilities",(D),(D),(D),(D),(D),(D),4080.7,4492.3,4843.7,4998.9,5292.9,5477.7,5537.0,5607.1,5941.5,6356.1,(NA)
 "42660" ,"Seattle-Tacoma-Bellevue, WA (Metropolitan Statistical Area)", ,MAGDP2,"Gross domestic product (GDP) by metropolitan area","Millions of current dollars",73,"624","    Social assistance",(D),(D),(D),(D),(D),(D),1183.0,1291.6,1327.0,1356.1,1302.7,1758.9,1879.5,1978.1,2110.7,2284.6,(NA)
 "42660" ,"Seattle-Tacoma-Bellevue, WA (Metropolitan Statistical Area)", ,MAGDP2,"Gross domestic product (GDP) by metropolitan area","Millions of current dollars",74,"71, 72","  Arts, entertainment, recreation, accommodation, and food services",5419.3,5569.7,5904.1,6450.1,6829.6,7468.5,7691.9,7705.0,7348.3,7731.0,8059.1,8441.2,9275.4,9791.4,10795.7,11470.6,12679.5
 "42660" ,"Seattle-Tacoma-Bellevue, WA (Metropolitan Statistical Area)", ,MAGDP2,"Gross domestic product (GDP) by metropolitan area","Millions of current dollars",75,"71","   Arts, entertainment, and recreation",1458.3,1502.8,1648.8,1917.2,1920.7,2084.1,2152.3,2173.6,2022.2,2029.7,2042.7,2110.5,2477.1,2574.1,2547.2,2585.9,2823.9
 "42660" ,"Seattle-Tacoma-Bellevue, WA (Metropolitan Statistical Area)", ,MAGDP2,"Gross domestic product (GDP) by metropolitan area","Millions of current dollars",76,"711-712","    Performing arts, spectator sports, museums, and related activities",774.1,798.3,910.9,1090.7,1043.7,1188.8,1169.6,1178.0,1074.5,1029.7,1012.8,1032.1,1328.8,1324.4,1240.0,1226.2,(NA)
 "42660" ,"Seattle-Tacoma-Bellevue, WA (Metropolitan Statistical Area)", ,MAGDP2,"Gross domestic product (GDP) by metropolitan area","Millions of current dollars",77,"713","    Amusement, gambling, and recreation industries",684.2,704.5,737.9,826.6,877.0,895.2,982.7,995.6,947.7,1000.1,1029.9,1078.5,1148.4,1249.7,1307.2,1359.6,(NA)
 "42660" ,"Seattle-Tacoma-Bellevue, WA (Metropolitan Statistical Area)", ,MAGDP2,"Gross domestic product (GDP) by metropolitan area","Millions of current dollars",78,"72","   Accommodation and food services",3961.0,4066.9,4255.3,4532.9,4908.9,5384.4,5539.6,5531.4,5326.1,5701.3,6016.4,6330.7,6798.2,7217.3,8248.5,8884.7,9855.6
 "42660" ,"Seattle-Tacoma-Bellevue, WA (Metropolitan Statistical Area)", ,MAGDP2,"Gross domestic product (GDP) by metropolitan area","Millions of current dollars",79,"721","    Accommodation",943.5,958.4,1012.7,1099.6,1191.1,1312.8,1459.6,1405.7,1232.5,1339.8,1457.9,1496.2,1652.3,1756.8,2091.7,2322.4,(NA)
 "42660" ,"Seattle-Tacoma-Bellevue, WA (Metropolitan Statistical Area)", ,MAGDP2,"Gross domestic product (GDP) by metropolitan area","Millions of current dollars",80,"722","    Food services and drinking places",3017.5,3108.6,3242.6,3433.2,3717.8,4071.6,4080.0,4125.7,4093.6,4361.5,4558.5,4834.5,5145.9,5460.5,6156.8,6562.3,(NA)
 "42660" ,"Seattle-Tacoma-Bellevue, WA (Metropolitan Statistical Area)", ,MAGDP2,"Gross domestic product (GDP) by metropolitan area","Millions of current dollars",81,"81","  Other services (except government and government enterprises)",3485.4,3673.3,3617.3,3775.2,3956.6,4107.7,4333.2,4418.9,4384.4,4485.5,4668.5,4953.4,5215.6,5333.1,5642.1,6014.9,6247.0
 "42660" ,"Seattle-Tacoma-Bellevue, WA (Metropolitan Statistical Area)", ,MAGDP2,"Gross domestic product (GDP) by metropolitan area","Millions of current dollars",82,"..."," Government and government enterprises",17518.4,18591.0,19628.8,20562.1,22103.6,23762.8,24970.6,27044.5,28527.6,29581.6,29785.0,31130.0,31703.4,32357.5,33094.2,34536.9,35915.4
 "42660" ,"Seattle-Tacoma-Bellevue, WA (Metropolitan Statistical Area)", ,MAGDP2,"Gross domestic product (GDP) by metropolitan area","Millions of current dollars",83,"...","  Federal civilian",3057.4,3419.5,3615.0,3619.4,3508.5,3746.8,3820.2,3898.7,4321.8,4815.0,4969.6,4936.0,4835.5,5038.9,4898.6,5322.3,(NA)
 "42660" ,"Seattle-Tacoma-Bellevue, WA (Metropolitan Statistical Area)", ,MAGDP2,"Gross domestic product (GDP) by metropolitan area","Millions of current dollars",84,"...","  Military",2496.9,2746.2,3018.2,3166.2,3679.2,3925.9,4199.3,4547.2,4910.0,5163.4,5180.1,5465.0,5349.3,5010.4,4957.9,4751.7,(NA)
 "42660" ,"Seattle-Tacoma-Bellevue, WA (Metropolitan Statistical Area)", ,MAGDP2,"Gross domestic product (GDP) by metropolitan area","Millions of current dollars",85,"...","  State and local",11964.1,12425.4,12995.6,13776.5,14915.9,16090.1,16951.1,18598.6,19295.8,19603.1,19635.3,20729.0,21518.6,22308.2,23237.7,24463.0,(NA)
 "42660" ,"Seattle-Tacoma-Bellevue, WA (Metropolitan Statistical Area)", ,MAGDP2,"Gross domestic product (GDP) by metropolitan area","Millions of current dollars",86,"11, 21","Natural resources and mining",627.1,610.7,738.9,823.2,937.2,1136.3,1237.3,1209.0,1202.8,1160.8,1191.9,1103.3,928.2,1035.8,1100.0,1017.1,927.7
 "42660" ,"Seattle-Tacoma-Bellevue, WA (Metropolitan Statistical Area)", ,MAGDP2,"Gross domestic product (GDP) by metropolitan area","Millions of current dollars",87,"42, 44-45","Trade",21761.7,21729.3,22311.7,23629.6,25200.3,26998.3,28146.6,28525.5,27275.3,29079.3,30678.0,32985.3,35463.4,38091.3,41594.4,45071.9,52646.1
 "42660" ,"Seattle-Tacoma-Bellevue, WA (Metropolitan Statistical Area)", ,MAGDP2,"Gross domestic product (GDP) by metropolitan area","Millions of current dollars",88,"...","Transportation and utilities",6425.1,6274.9,6831.1,7549.6,7822.9,8722.9,8396.3,8530.3,8177.5,8925.9,9343.3,9518.2,9917.6,10235.8,11036.6,12005.5,12641.2
 "42660" ,"Seattle-Tacoma-Bellevue, WA (Metropolitan Statistical Area)", ,MAGDP2,"Gross domestic product (GDP) by metropolitan area","Millions of current dollars",89,"...","Private goods-producing industries 2/",32236.9,31848.7,30298.6,31122.1,37799.5,42471.8,47704.1,45760.9,45007.2,45021.7,45753.3,48577.8,51867.7,55456.7,59296.8,58739.5,58868.4
 "42660" ,"Seattle-Tacoma-Bellevue, WA (Metropolitan Statistical Area)", ,MAGDP2,"Gross domestic product (GDP) by metropolitan area","Millions of current dollars",90,"...","Private services-providing industries 3/",116919.0,120977.6,126557.7,131037.2,139253.9,148783.0,163832.5,169439.4,164191.5,167885.0,174609.1,187764.2,196719.9,208213.4,224762.1,241134.6,261788.2
"Note: See the included footnote file."
"MAGDP2: Gross domestic product (GDP) by metropolitan area 1/"
"Last updated: September 18, 2018 -- new statistics for 2017; revised statistics for 2001-2016."
"Source: U.S. Department of Commerce / Bureau of Economic Analysis / Regional Economic Accounts"
